Unnamed: 0,month_year,avg_memory
18898, 2021-02 ,101825495.220339
19674, 2021-03 ,121544864.83538084
21170, 2021-04 ,120208401.2823219
22238, 2021-05 ,117893581.5378458
