Unnamed: 0,month_year,avg_memory
18913, 2021-02 ,100185703.16919409
20361, 2021-03 ,88197114.96721311
21739, 2021-04 ,85395440.8574988
22881, 2021-05 ,89495849.39590815
