tool_name_version,Unnamed: 0,month_year,avg_cpu_time
Add_a_column1/1.6,18600, 2021-02 ,228417766191.26276
Add_a_column1/1.6,19926, 2021-03 ,255096243024.7924
Add_a_column1/1.6,21297, 2021-04 ,221967257047.44327
Add_a_column1/1.6,22833, 2021-05 ,96296356396.17366
