tool_name_version,Unnamed: 0,month_year,avg_memory
Add_a_column1/1.6,18898, 2021-02 ,101825495.220339
Add_a_column1/1.6,19674, 2021-03 ,121544864.83538084
Add_a_column1/1.6,21170, 2021-04 ,120208401.2823219
Add_a_column1/1.6,22238, 2021-05 ,117893581.5378458
