tool_name_version,Unnamed: 0,month_year,total_cpu_time
featurecounts/2.0.1,17890, 2021-02 ,      96670864720026714.00000000000000
featurecounts/2.0.1,19146, 2021-03 ,     988430981177619853.00000000000000
featurecounts/2.0.1,20572, 2021-04 ,     438476023840984311.00000000000000
featurecounts/2.0.1,21921, 2021-05 ,     253777255899403790.00000000000000
