tool_name_version,Unnamed: 0,month_year,total_cpu_time
Add_a_column1/1.6,18415, 2021-02 ,         26953296410569.00000000000000
Add_a_column1/1.6,19557, 2021-03 ,        622945025466543.00000000000000
Add_a_column1/1.6,21006, 2021-04 ,        168251180841962.00000000000000
Add_a_column1/1.6,22142, 2021-05 ,       3560942963174106.00000000000000
