month_year,avg_memory
 2020-01 ,131811887.95183316
 2020-02 ,131811887.49726775
 2020-03 ,131811886.30376996
 2020-04 ,131811878.1225404
 2020-05 ,131811876.0
 2020-06 ,131811876.0
 2020-07 ,131811876.0
 2020-08 ,119241602.8514755
 2020-09 ,100104492.68984756
 2020-10 ,120614907.02678236
 2020-11 ,123478404.25149244
 2020-12 ,124108386.84927844
 2021-01 ,120805371.5968454
 2021-02 ,120298874.27761623
 2021-03 ,114412465.04899208
 2021-04 ,116074841.63777956
 2021-05 ,101434867.26733764
